cid,age,occupation
1079,98,aLzuB
625,16,TiaPN
971,76,OLaQchsGzW
202,70,lgBGkv
302,13,sRyPgKPRqW
738,96,ltTbAdjORQ
551,78,cnYfMd
387,27,JTomWInmU
523,45,iJoVg
303,79,xLLWDvPisd
479,63,aWjoJtOcPb
664,90,whsYzy
944,26,KzkpKguyd
720,92,reYQGQUO
357,40,xySyktUL
181,89,DgNdG
540,81,FZbTMXyEXs
844,16,qklnIjvbC
809,30,uBcVcwC
377,22,UNIaiw
555,46,xuKgz
195,74,SgZvv
382,72,kRLVqWY
181,13,cKGWYON
903,73,BvRSWN
1077,88,NmDuRBC
458,95,ANspC
452,62,eFMWCPeyd
769,96,YccFb
1012,94,qnSUWGnBOT
983,87,PmIvkmLNs
121,10,KEMjkloq
815,34,ZEvhpxkxCH
278,67,qcPAqfd
702,51,cjYIWPgJg
144,42,OZKpf
868,90,DRvqgWh
203,55,EbDhM
301,55,VsBQzBzoV
1068,96,DrCCG
946,76,TmzTV
606,80,rZGDz
837,50,PJsNxTnXA
1078,85,rgCzdRoV
1099,35,GaCPvPUg
654,13,VidAZtGrI
957,11,eGcRL
999,39,oKtFU
852,71,YkBAIrh
527,35,wXuRxTjwf
832,44,EDvvEg
816,13,PiwljpOT
491,100,OVhhIe
268,86,CimRvsFFie
444,74,McQpwdcWy
938,85,VyMxGJm
653,58,WHbZfMsm
183,44,MLiEhMtRe
455,78,FQDjhkc
861,72,ADcDMCB
276,36,DqcWyhSSgR
888,67,pIAZjdd
1045,84,lMnJM
596,67,bGCZASlbeP
124,52,uvnDbIW
392,49,lOECHi
788,53,uhdGpF
111,58,jOhjlNYasQ
963,62,SpEllRrWq
308,50,GQpnYdpwkm
223,59,WhRBS
666,23,EzIENWgCF
596,20,Tfdozr
195,78,FlZVYEWdBT
117,99,QWVei
1095,49,QFJYqWPX
566,49,MSxCAk
809,20,BwWANCtwo
690,11,JxKOPoE
852,90,bPsbDSl
873,89,KyPOIpYuJ
952,48,LfqxcNV
841,82,FJsYqr
1025,47,BYwYqmfX
114,16,blfSlhQqK
936,33,IjBvIyllb
843,26,NYkdJsAECw
583,14,GOrCIm
263,19,oMLLhv
325,22,EwrcgmjUzp
680,28,ZRoSx
359,78,xYpFb
863,89,VfZyT
652,60,AbzJWszLMl
624,33,szIlgnEf
508,37,uBsxhoSBSs
612,62,kMWUKLIxR
421,75,BNyJqVnP
414,25,YnfqXBbXA
655,100,rdapr
559,79,izJVUq
184,73,FSbXL
569,26,ewtwxGOqv
987,81,qraFahkek
975,49,UEOhyIQSO
265,35,PfqpzIvTG
269,96,VlOmS
556,67,aIWbA
154,46,GBWEElhkoP
465,21,hxqEnbEjM
415,38,QdCBeM
660,80,iSSrydWHO
653,18,QWbjOlLHpw
976,50,XhsPFZYK
289,42,IwybUuzk
825,72,yodMOPSf
193,37,INkoaemHtM
886,92,KOufwUt
779,11,nkHFWot
275,46,ZkkOOann
158,73,XenSTHnpxM
553,36,AHMSe
339,29,zPTTwafH
210,53,XMgdAZVp
340,89,McVnr
543,41,aRCMV
937,64,mqGGm
278,46,Wunbr
368,69,sNoSJ
496,17,qRXkpwaE
563,15,ffXuMRPzE
284,12,XjZorusWJ
234,85,gkZyV
112,96,CSekJYyTRW
863,91,sIhxxB
750,26,EGhCpqeFgM
928,57,BoABY
901,95,QeKyAqF
921,84,qNgeZ
960,34,bfgHSkKx
424,34,tcHJYyljrF
934,55,tyICjuYWaN
571,86,RcMoiTkIGd
878,61,SLvAbtGij
329,76,CprelDcNSW
1040,25,GVUhgYiswk
875,95,ejAjsxg
1014,48,RtnXvrooW
230,12,GvkaUfiC
229,40,HaaMjzSrR
773,77,OpJANnav
397,23,UvZmEkek
610,44,HTsoiRzp
556,36,KrdFAx
772,46,JYWZRwuCDR
1013,46,tqsduFJ
532,23,WRGlSBH
194,32,SjwXfzPu
998,51,XyIKdZiws
229,25,bTIEduinCq
1030,58,YUxEobFBE
141,49,VTCoGwbXk
630,26,BggFniCb
689,30,YxsqTgonDH
613,66,cjsbste
332,35,abfrN
932,25,SqQXV
377,66,MzuAJeYWW
759,86,wSmZWWYqdd
525,77,coTzZaV
549,43,jirHnzH
714,19,HAqSh
169,77,atJOGW
616,82,uNIUat
225,92,tVvFdP
657,89,oqyTMWGso
790,50,QjkvZNxIDO
598,42,dHrXejPpFb
329,21,nqsmwfOK
114,29,hVYsa
933,45,eiKhE
819,64,fCEXIAtHUF
986,79,JajQzq
268,45,WNtJBKkc
760,74,iTWeRBlvWe
515,11,hbdeTfCzDc
737,86,BxWRkrQo
956,18,kMrfZpaP
275,67,tBeLF
765,84,AjOyaDCzf
855,96,dnVGLMPJ
548,35,IyFpdHKPby
128,70,jzaXinr
861,14,qAFmZsuw
420,12,DDclw
1068,77,pdbjWF
615,97,wfcfa
866,77,VMjNaTTilA
667,57,APLYc
390,56,UQTDhuGo
999,59,OPGvJFys
227,47,aHErXWX
120,31,lUOWju
189,34,oNdlL
807,93,uUSOQCD
1109,98,fJjizwiA
964,21,yRvfpLGji
106,18,HCfZrtdlPo
423,89,bhbgIn
147,89,eimJivLdvL
209,35,tLVRjqmYm
359,34,rYDrwI
750,40,ALBNqK
1020,81,CSKKlHqQ
1027,73,ichALHLOBD
409,81,NypZc
624,48,TQCwoFcxP
155,85,ytKVKN
944,52,ThxjJHcFe
906,61,VAImbfa
225,97,YBfGrycMZ
327,36,mYrtkvmv
1091,22,xRzlT
896,85,MkZJsR
934,51,PtWtJ
869,10,hTLoNFhQ
557,77,XsPuXIsezL
1100,18,yiVBPmcIjw
749,38,wROXo
460,23,ySZqJw
604,78,kKkLZhsH
273,45,gGgMrcHuh
282,70,IASQdadSrn
886,51,pmFyiAT
522,84,sfAFmzaK
1013,44,GBEIkiEKq
296,86,ypkFDmJdFC
289,17,JkrOIUxCUs
148,39,qSRYTh
146,56,DTAaNIU
348,94,AyaccbFLnn
975,51,JlytuQ
341,45,trEHN
1016,73,oEGmCU
305,90,oiVrI
909,96,RHFdQTKuc
294,61,NhpWJCPxZi
299,37,qXNwWoeg
796,61,JLQyiMZ
966,21,ldYqP
931,85,iFycGlvh
793,72,GOTVhUgA
583,63,XkQrmk
636,41,dEFaEqJ
606,35,gfSmtKLK
603,59,LnODTE
248,60,IujIOa
1065,57,pCYQSQeDnO
409,96,uPyFWRN
800,25,BDPGPp
794,53,UabHwBSZLN
748,72,pfiHZmB
130,65,oIbwFhBrJ
419,26,QJWjdN
413,17,PNVaGeeZ
618,78,pblNyYj
401,10,qfVaFg
278,79,yVlPiQTLHX
900,68,LgnjKFm
1002,86,nbiwLb
205,22,qEQBC
1065,83,SmUEe
878,65,CBRBLct
885,45,WGaSW
996,89,HzJFSzS
117,89,pQCIms
374,34,KWnPv
622,47,BLVPGDVRn
761,45,TKPEAnNIDC
437,48,JvZGKKiRyE
550,68,uGohuSdPRz
819,18,MCjokO
443,51,BSOYiQgT
336,80,ivzXJRzvRm
862,75,ABoSO
703,27,kaoLQJxEXo
726,79,HVkLzdUOAw
938,82,aKqJIiQ
896,36,xThTCLPI
524,69,kVAAaYn
539,78,EJDJY
142,16,BfBaG
101,82,qOjhC
933,51,QJJSPmOPVw
594,89,pENBQs
845,100,GJbRrkZyY
874,75,LDrojI
802,38,lhctNYTLQ
518,22,txGCIRmw
948,67,pftWZVuJ
520,42,omsGeV
718,32,YlNwZCUbTY
875,19,qFzev
664,56,jUzgPiQ
282,85,yimkvWp
401,67,YoUuBs
295,65,XBRhKrf
551,24,aaxGGM
248,19,KDylPq
743,35,peTjWydD
167,73,AemLUm
1021,68,EcVaKFt
990,56,njRrY
1118,36,EIKOoo
279,59,SwXVE
953,65,GdYCfnxgpI
411,47,YoZleEgAb
797,91,XgubpcQLD
1006,27,OqCBzmIkN
285,100,LIBNbqYt
461,70,pIQmtl
208,27,OZQQRqYlQy
912,22,feDGjLIf
1068,46,CjzZut
1073,54,XcSzio
346,87,umMPap
295,28,wsOlg
127,45,HUeQvrf
640,21,FZQDtniuj
247,43,KuZkTuh
960,75,apeZJdi
811,36,hkVMxQH
959,13,NLPcjUxnY
659,35,wVWRzbcAX
1078,15,oOqRexIPzO
140,100,JBzFE
964,94,HQkqScwn
620,11,GriCG
712,62,hSDSGPJ
1042,22,rSYSEWS
979,61,KawxH
1080,57,Frpdww
789,94,HGVJUXMn
363,29,WnCYEtbO
423,98,sXdStl
215,34,nmfeFBF
210,65,mXrdbXEqm
762,98,aUFaO
401,98,XMZEgqkAjG
264,95,qSBCciymg
889,61,NYSwip
509,38,tlvLAynEzu
1068,66,EUdNR
976,36,fpgPExbSx
998,62,ExQSRpqMr
360,73,mRdBXMVAb
584,57,XyeUQa
1029,100,AnoMFO
116,26,vWORi
208,89,AHgSvihK
608,10,dqOgCvHZnY
659,52,tEqhhCD
338,67,wcyGbVRsL
957,16,FPqLUTJPDZ
969,75,enWeDRBZ
552,15,VHHqzx
734,44,FstAijBAtS
754,100,oJJgoHhvG
610,34,kglcp
488,92,svIhnNe
873,37,XYwDFBthg
110,52,PbdIz
702,48,iWoXF
136,90,GUjjEfUtlZ
922,36,GOnRv
759,76,FhhxA
317,79,GFnBA
200,26,frggr
195,92,zqVuKFqdik
102,84,NjOEIAHEwT
950,92,yDizjmvr
772,40,HUrBx
393,45,QntfaN
569,85,vnupkR
508,44,sNpjZDomn
210,71,ynhGWg
315,61,MMOaW
451,37,dbTTOQp
925,54,UpKGacufOR
481,62,ecdpntfL
512,27,TqoCPd
595,90,SRhRumqnj
212,61,TTlThAw
528,46,uQTWxSBycg
286,83,TdFJAJzVhl
984,66,oLEIn
458,84,cgkMLA
1049,23,RIcjXwsX
827,28,QZgUf
296,18,pxyEL
329,61,wjhXio
358,60,cpWagIE
502,57,XGQkL
527,91,PSjMuwhXy
983,21,RFRwjC
1028,64,jtmfnJNb
1086,14,yycJbUWUKd
1072,42,PTBsw
473,43,BOBSwU
677,49,eThTWIAZmv
444,66,WAOTfOKdf
331,74,MYNYA
138,56,fucrht
496,30,OYFvZQkdrW
937,47,XiDKboF
370,13,cYhXLfdN
1061,34,IpHky
287,65,TwpVzKfH
1081,19,NgrRuVdNB
722,30,UfRvoqxmb
305,53,jEUQc
977,77,OETZS
332,21,fDUSUSZNuN
255,80,DRmgoEXDq
1098,61,hwiib
811,35,cSEqKWIG
327,45,WMpXQ
423,42,lLVbl
768,51,ZUMNG
239,92,WeVSaL
787,38,qThBDWS
130,37,ZATSjLXC
964,75,sLNnI
108,93,FBNeeI
321,30,QMCGrGK
356,39,oizlNLqB
1051,62,tPhsnsnKY
1117,60,jTAkNUF
778,74,NupVWozdyM
332,97,rYChuwu
1008,78,TtjirR
1047,32,VYlqiHvxr
500,32,vWafmv
627,75,xduSQU
440,74,nuTGyYjrAR
832,84,SMzihr
678,79,OGYxWXXb
540,82,NwFMa
194,20,nOLVQjejV
1006,68,trHDceW
597,80,SoBcAFSDvu
316,32,jSlCeRba
735,87,rdalAu
854,77,DzJyp
826,50,UGlpPUZHV
830,42,NjNfnuaWXi
196,64,pehGlng
945,67,fhAuNKO
754,26,uNfEfkvvT
883,22,ztkqhNz
407,98,rYqEDMNFc
444,81,nkTgRpEAlR
496,94,KyZCdgDrh
376,53,THCOCX
318,95,tSyCsSpQ
216,13,OkqTQoMslv
297,90,BOVETroE
888,56,uuPGx
875,47,nBnCSfsaO
831,32,TAfoWKQUw
664,18,sZtgrMmJO
584,78,IqgAHFItqu
783,28,hdwWN
807,57,nfcxukeJ
316,49,ekRidyc
747,87,vhTuVRaPU
417,91,pjweGkn
647,60,xXwGtS
239,74,vLmHlh
448,77,kALFVDHC
696,63,YJmPJxFk
649,69,xgUeLjEMXb
348,78,xELoUAnE
106,21,ouDoE
1074,53,XCyQUj
288,30,wfamSeWOo
984,16,JYwQrxpz
717,10,vTPaTDc
1039,33,NSUgfHcg
455,35,SlAzB
535,54,vPBmXTWu
1071,63,fkAFd
401,50,vXwzkeU
1040,94,LBghYOD
399,44,oZxpjTznx
728,75,drhgDTa
393,29,iyqTyz
345,95,viLiFPJJJF
964,42,MIOijqXUdE
1102,74,PMEHQ
581,25,pPwMYkt
920,51,vCsltNPcup
326,86,JIeiIajB
852,60,xALldGWhpb
968,77,uoMDhN
788,83,yzOXpG
793,88,aWOFKY
656,95,eKyYbZv
215,63,tHfuDKfSq
322,34,TYGgaOVfr
486,59,XDsna
951,93,SQQOVYY
922,31,OMfMMWX
1001,18,nCiapGtvr
903,19,kDbolBwwSZ
198,47,dAFTCi
711,28,MtJBXdTfcf
785,71,LjdwtHWYo
125,25,CmhGS
108,17,PwuMlHzA
717,29,RTORZcm
285,28,GFoVjYGvQw
869,29,tRymZmLy
160,23,jWukDqeOr
447,46,SthmO
599,25,NYJIxsGTYo
848,32,NMhuZqieil
439,49,iQOlo
219,61,wTTqpMdhn
201,51,IXZeYuD
523,65,kScsFphQQ
1086,16,laiVNcYeg
338,90,aSPrEsW
584,34,pjDIymZsS
1014,68,oDUhJBJdO
1089,19,ZkCOz
1048,18,nAdPsETOyg
774,43,VVjpwUX
126,99,LcrOMthn
356,76,TIvvxtHPPA
104,29,ufSyaA
942,52,fbEgZgxWmb
850,98,OGLDQJczGB
884,14,gvDDT
922,86,UsotGNbBKI
754,81,KurXDKRMTF
332,98,xZMyqLx
1090,26,kjgyKHI
647,21,JgxNHHz
655,22,FRPtJ
460,34,caEVY
306,11,wVXpdAO
1116,69,vwAXv
1098,56,RleLOrsLLS
351,57,ZETYbQ
397,50,macFQfZaNe
970,71,LDmYIAMfUo
1099,22,CLGAZlkIbr
184,91,SKMVV
120,16,sSKQq
579,86,ZGNdmSr
459,91,nEuGR
279,88,IqhduDbU
840,44,PtJSkSuO
183,30,TbIXQIKXXA
797,34,doqxd
887,47,WZjXUwKxc
1078,53,PmTlmnXjb
752,73,EhXjUjwNu
298,62,GjHLAyrSw
302,69,tSwMtUo
929,55,MKeUh
264,61,TRDLxOnUT
851,78,ouDHDIjCz
1106,90,sCwrJfep
457,68,zAczHdmW
978,99,fMdsTM
701,39,JeAUkKOmH
451,39,CmILBDG
479,76,vDnvXJeF
654,49,pQnWa
1063,49,nuzYQoE
696,61,CZtFbNoxx
318,62,VzUWONgW
443,17,fyAeZUPAZ
838,68,SRxAUqRV
1032,13,thVwTJ
495,64,sCcZsDK
747,24,UwJaOenHEk
252,39,QyHLIq
1077,45,lkptySf
711,99,siPYul
374,65,XbKVEWZ
257,36,VUlpHIoT
389,56,JcfAYRkIVM
529,82,QXLCuz
384,25,hnqYxDskf
516,55,TCGKikPR
361,72,aCeNycloM
507,14,yUtfBqQM
557,48,MPfwDOPgi
648,26,NanDtneLY
366,21,YrGwHzTxXa
1063,79,tudAhVq
597,73,TIHXTw
907,14,ahZPLzPUl
695,10,Bmswkt
137,29,RwoShMGhM
100,44,qhiWmzV
1062,46,dAddtra
297,100,PHjzFy
403,39,PVfYmL
224,64,gsDpRxdY
1001,71,KvLeagpa
217,72,pBkGnTI
558,64,YrxHlVJ
873,65,GEDZZJextl
191,33,GLymi
1090,38,tzRMd
363,21,tZKPufrFz
1023,99,UvSgxrEUs
474,70,radRwBdS
612,60,zUHscDLvwU
1064,53,eGCgqDk
214,84,etqiiOsr
538,71,MeTjRAKe
794,22,RLfNUy
406,24,csMuQuJGWk
863,21,UXyXutjk
136,89,jZxHRq
267,77,UeBmWbm
800,51,tvALsXujnv
870,70,srrVQSdy
961,31,NhASedoqCg
211,66,lQoGaf
823,56,ySXKZp
655,25,zYLTCXZ
1083,33,uEHBpuKjC
872,62,ZcrlTEde
1109,49,ywwYt
820,46,DYjKavNLUj
237,19,HZJGW
782,46,QcXXhyT
240,82,njgPU
595,34,AdwIgjd
618,12,OIpIn
781,63,GuoaJGlR
124,85,AueACeZBb
692,78,TJDDrUKKuU
378,86,GOmfhwvJw
724,37,kDOkE
630,45,ZrkLcm
339,58,gIxufha
337,88,mFraoPe
684,98,BPVFiK
770,77,eENsYWhV
718,45,aPeQTY
630,92,IeJJz
320,35,lJADlEcem
287,63,iFYrbI
843,52,kYuXRF
782,63,XkSnvCWW
416,78,KVccpOtA
1042,92,VPEhrcB
442,48,ZLEgMISFyT
835,98,ZjsNPKDpKk
778,51,gupUagBGOF
919,63,YhUTeiL
1056,75,qPJrCDR
626,70,JPYgPr
850,73,ZeOdPrMrt
387,80,Puhbpflz
1002,31,JpCcC
194,60,WiDCWEWzJ
594,90,mJMYKJT
700,82,YZHywZc
236,95,mLYNebKBh
412,47,hdVWETN
783,31,bFRNj
849,51,VrrTFnycl
634,63,zXMRQLSoRr
781,98,ZpEGPEqi
673,87,SnAwD
654,46,oHLpBf
207,55,FBYfusuCPi
353,77,DkevXjVG
520,33,zrIih
724,90,DhNZyHne
393,53,odsaVqwxF
584,50,PVCiHKjR
481,34,dEQBlq
402,71,rugkYTCclh
708,12,sXYoPF
1057,68,rKjfqDFv
1021,47,oMwbSreaEN
479,72,TUAKVptltu
1041,100,QsNfHVvth
988,78,BPDUDhlt
261,66,zdwtR
144,100,NXSzfpWQ
330,36,kGcHNcDx
835,32,upigzjE
183,75,rfjOpXImI
1048,48,QntfX
225,52,DgtdW
249,30,qqIOBRgiYv
630,92,RUhfPKMf
324,50,PDfMYHgMo
741,32,jhgrz
577,88,fwWXA
1059,16,hHQgG
260,89,tWhdJsq
164,75,YeEXPhPPD
767,51,LlWfUGYNO
450,62,uMrdMKkY
762,91,TKgqHTdJ
1122,45,adLEA
108,61,TbEIIygBd
635,69,aoMftt
156,61,TKWNvwVrEZ
865,63,kdCHWxpZTS
636,48,kyshiPdS
804,58,MIaAqubN
658,24,fDctUr
745,78,NZMPYxP
280,20,KLtWyvRHpq
498,74,umzBWwrRk
819,38,QwAmYUOdih
232,62,iWHrPO
1101,37,LodGrEA
1111,30,ymJQcHv
641,47,NgZHqApAdM
252,37,DOhFmSqr
532,69,QQjYQloxEl
874,69,odyWjxcR
321,47,RqyMoD
237,26,UUufNEl
960,84,QJxooBxiIW
242,75,kKCYeYKgXZ
1012,49,ceFBA
819,50,QmoqsdtyJi
493,98,VkmbNpAiC
701,79,NztDhaZ
112,29,nkNayUL
1118,59,gwSmgSAD
404,61,dBZhScIDtu
931,40,uCPhw
122,59,QdjIpuFiDX
986,29,QgNnwt
721,97,JvsfERR
349,80,emZlKZFkI
431,67,fypKENDcSN
385,87,xQZNhvf
1048,60,OFeuudMM
789,45,ZBPnR
716,92,oJoeKWNM
188,61,YnsYHiXD
1024,43,hAriWJkAC
479,49,HDCXfPDCCi
1042,90,UHOyqfrCN
619,71,IZiWU
846,96,fHqIU
742,32,JrrPGlBVMm
356,73,McblfLmi
642,81,tkPoAbAreC
210,76,MBCbLldPG
494,30,mXGOLjJHiK
1064,94,dmXAi
945,100,ugVpZn
1065,27,tTUkMfk
813,79,VgSFVnVP
1037,51,yDqDeLcok
905,25,wymzwJ
1029,99,UFeTh
521,28,XvcdAXIECY
507,76,LGPpEku
586,24,vXIOlciKEv
161,40,aCiZdenVAr
290,60,vzfGcTO
225,61,qReyxBlX
276,90,qLceb
409,84,FXENni
843,24,vryDP
630,57,WKCpNdpWQ
936,99,MauiOn
697,94,DZCvRHc
1062,30,AsIzzw
273,15,OuJppTH
719,78,TkRbWo
444,62,CfKfcmkF
142,11,GczLupgpkX
896,30,VCZoe
445,45,toBEVlAS
277,41,SLevwEfiCA
583,44,fghcLeunD
408,24,bNjYKmCj
949,28,ygSghWMZjX
303,82,Fvalx
704,59,rNWswWSIM
451,39,PThTgUE
246,92,NiYCfSX
556,65,esYGFH
445,55,THfBRg
628,27,ygjFGXPAPG
553,57,knHHMDZbW
267,28,SzRDyRBXY
318,82,ieaRINeJ
495,26,QteWCKAgF
927,53,kpPTiz
498,43,pPuQdXwC
581,84,iiuHaUa
490,56,FbOSwKNY
701,26,bBBZLCN
1019,42,smoSUjn
981,86,LIlQo
690,84,dGxgk
928,26,eNxUXGGwD
993,96,kgJMipGPe
930,32,COjHhurfh
192,43,Uydsf
648,58,SyhOplKeCB
469,89,wJdlDuBWp
107,32,hvfyXQp
287,65,ujWrbAp
995,17,sEBmXRB
510,30,VybCGFhy
670,99,LAtcz
555,47,HhLdEsZRME
709,82,yOuExW
1077,38,BwPOSOq
999,29,UVCwsAcI
988,22,NgsMr
733,47,UUbhm
946,86,wPZyYY
308,16,RaDZIMpS
452,18,jJsydPrq
465,44,bzRSYhk
575,54,qhVNIaMaok
1090,16,hdUZO
751,91,pFuxjeKQz
307,23,rPVuNgZoj
869,65,ONaoowpl
755,82,IAZBcfaTV
449,26,rbpbROPqmC
840,99,zLVDRBdiwb
930,14,hPkFIOHqoJ
418,57,qgrmGjQGM
864,23,INvZY
669,30,QsaysXHR
523,99,wdvFe
940,67,cPuXgOP
396,99,MPkHa
940,83,wCTucymrMV
871,13,AeHNc
166,73,zOlNu
806,68,SkqJs
635,17,FYTbV
268,40,tmBVPES
759,15,KAyVIq
330,71,pNxRY
157,24,ilvDG
110,14,uwmNVDR
874,31,HhslTOq
893,19,PQOeP
759,14,NwHWEjQ
190,13,sxeqDD
1080,15,xzLxILLPLu
585,95,eIyUmjxj
520,31,ySRTcC
418,60,FyoXuiJHs
674,13,tcCxxHJeh
1099,41,MNPIVzb
326,16,IbKmmACC
993,31,pYOZbC
901,81,LPhtId
772,87,ZdEDJTX
297,10,fMQjlqGv
1088,35,wlQWcMh
300,75,OHlEdeQO
949,26,QHjrV
110,68,WMdcF
568,88,uHLGRBSH
1080,56,GTdkLFQL
718,49,dJaLHeJZcL
621,48,VrWhqDp
867,61,RKeUaV
1035,35,NDAXmTbrX
709,40,aVnOFw
179,60,WEgNrTd
619,65,qDlalGKLgm
774,48,kOzUYoJV
294,46,ieeAfB
753,20,GejzHPRQ
588,19,JDmpOVsWMN
325,48,AgoKVVr
664,100,HPlAj
1072,97,FQAzznVa
267,24,xoKgcjhc
529,48,omuJi
433,61,mGMmytNDeM
1070,40,XclRid
700,81,mzqXO
565,16,oJXYxc
1053,27,UvMHYOjEWJ
1021,49,qdsYunyPYG
585,78,MBZLeNoYgK
890,37,WPBJhFvdMt
491,32,xBbHqiT
518,59,VACxPZn
258,74,xgPydamG
535,64,YWfRiNpsRS
975,87,czuwAm
1035,80,vrVkAez
170,70,ZVwudlOmuC
768,70,JTFavThXRa
106,67,IFaOeRGQm
583,64,huPFxEtO
1086,66,frRcIOx
184,89,ccKTVdGc
843,100,xPvIELaS
644,15,mKFIDqe
1121,53,AWKbza
636,54,CRhlms
574,40,YuDWLPzSmb
614,85,kRRxI
561,35,NcXVK
929,35,VtEzg
891,46,iIwwc
348,78,bAhWRXVW
164,16,tbHqHHoJ
225,40,uUVzCIX
310,40,zCZhHoJp
198,86,vdunyl
676,13,DiUbNK
675,93,GjrXCfz
404,96,iJCHtBz
1080,47,wResrdmD
953,26,aphcoK
840,50,aSiRXnKop
1043,60,momENP
1046,72,wvwxm
741,63,pQMUH
312,80,fHhbv
543,73,IOcDgGpQoG
543,10,jULqxRUh
1065,91,umIXkvG
630,92,SsVDUkRn
205,97,YsyeF
1056,79,CfDyaQBF
229,59,rnbUgU
117,12,ZFEGLcuWsp
727,100,RIkGvQWSD
793,53,sajauiXtD
715,24,VqXOwkQHC
634,52,wSWEmUQC
552,46,suvcnllUAt
602,100,Tkqtpa
1091,44,LzTOG
687,46,vpCKhijiF
722,71,LrbzQ
696,74,mTCecXSwtI
208,94,WOqabXnuCR
605,56,dAJCIti
778,42,svODIeTxM
785,93,jcMPu
108,76,UgyVXA
526,92,elhByhnH
874,96,lwNrFyQPUd
366,49,tRxwsurQp
516,88,AJgvNG
467,33,MhsRNJtU
1007,23,nvWWqay
1027,24,EHJKSGWByb
368,34,fRSuwsT
854,67,mFLHJ
922,11,UbxsWOCPx
347,78,ImPDxzN
548,22,FdYxtiAZ
728,72,VTgLzRA
567,38,kzYDkBrI
285,52,NfvPAcs
250,75,YieXCEUJ
700,87,SVlZDI
682,65,tZxCnnZYau
164,32,RmcmaparO
132,11,bGtAdGQ
842,98,hnVFtlIQVW
524,56,ccHwiQ
1026,45,cLFXLuy
539,33,gNNGMjSX
272,56,xllgLO
483,46,DSHyZ
1001,45,jXSkvuzDBg
520,66,HiiojFxNnh
667,19,REVSnNetwp
735,33,KFNydq
405,94,dswTN
435,37,iMlKljRB
199,59,HFFywfyDa
744,11,FrNvC
751,42,dbQUHIwk
760,61,YfHZjmSuZk
738,29,dOTUVZ
166,54,zSnaFslzfb
835,40,yNdPl
1115,94,ABByOPp
811,67,pwlqytWLQ
298,59,uHjVInzs
345,23,sZHnF
680,87,DEPefm
299,40,oQfcWwAEz
203,53,SFNEcJ
183,65,tGsMCfpZML
379,62,qGflfWDSd
431,35,MZLyeRzVt
895,60,TPkXUilJAk
1053,30,NgqadqA
273,74,VNnTszFT
701,48,SgMqON
1040,70,fIddd
970,61,sJmge
552,46,AAjzGNFE
1113,27,trAhuy
500,24,EBSXLiNpv
480,55,rfYSMh
674,20,aVQOLMVeq
442,37,QHtxkUfLt
546,86,ZhtlDio
134,89,RoBNDW
1082,92,JoYiYswP
1064,79,CLsrvJyQKK
719,97,viHfntgY
138,93,kppOSMf
446,87,bkpwukY
492,65,ApjwEVYWXZ
494,57,nHMRfN
346,16,enFML
1071,31,pQEjd
365,50,LrkoAsisi
253,78,SXTTNrvH
374,76,PtssUJBa
676,34,bPlkU
283,48,RUkXp
609,36,VCsTblPu
802,55,bgJcT
818,40,gUWiMLORMu
182,30,dTrNc
204,63,bKIjY
1080,44,YFkiEfi
495,84,ubbQO
313,51,hYaRvaGBFw
1068,62,FWwbiy
332,87,pnCQmu
897,84,GuPFZFMgGg
338,96,MguIiLnX
1029,18,jKYmurUVe
576,27,WKcYWPNSn
271,52,DHOhN
1107,35,ViBksCadV
1038,36,ZGxCwmc
276,28,jvqhr
124,96,jTTCCcF
970,60,uaSQMMlFC
710,12,okyKfulcY
368,42,QxCuOWJe
439,36,cdSxthPH
702,90,Tirmxiz
372,42,MCvVI
465,20,SwfAXcK
872,22,dmACt
936,25,BElrpeoEQI
929,94,baxcNsjf
773,30,izffxSjyq
251,86,ZpLNMlFwmL
285,19,hJoVG
791,37,WijNM
285,29,NhbCUbGVjT
576,97,sSOkYAAj
867,60,XowueX
958,80,OElrMXvv
588,87,GmrxKc
224,94,qgjcdd
346,17,fdYhwHW
920,65,JzhvO
996,11,PeOxZXmG
650,40,VHvorqmW
716,44,hrHAjUy
713,57,zqVQN
414,30,XwxzB
257,96,qfoOL
104,39,hHizin
771,89,UbrNcS
677,82,bHkSyD
415,58,EHJKtVYQ
321,57,byqGiaLtC
478,56,mjYoRV
383,58,dgzlMXZCWU
971,98,HcdnYVZwck
560,65,WhZHB
1112,77,AQrTxSxMO
974,46,JyFUitEMxj
913,43,vPPytwY
1108,38,BccyD
283,18,pvASj
361,91,SxZkZN
1062,87,IfYSad
1017,20,fYBbDWmqp
287,34,OHYlRwqk
805,69,pFILGFJbts
990,32,fHrrWFCtcB
520,33,jGjll
929,85,mAcZzipl
984,13,QaEUHEK
1067,86,ArooNU
539,28,oCEhpzaN
1045,29,rtsiU